{
  "time": {
    "steps": [
      12288,
      24576,
      36864,
      49152,
      61440,
      73728,
      86016,
      98304,
      110592,
      122880,
      135168,
      147456,
      159744,
      172032,
      184320,
      196608,
      208896,
      221184,
      233472,
      245760,
      258048,
      270336,
      282624,
      294912,
      307200,
      319488,
      331776,
      344064,
      356352,
      368640,
      380928,
      393216,
      405504,
      417792,
      430080,
      442368,
      454656,
      466944,
      479232,
      491520,
      503808,
      516096,
      528384,
      540672,
      552960,
      565248,
      577536,
      589824,
      602112,
      614400,
      626688,
      638976,
      651264,
      663552,
      675840,
      688128,
      700416,
      712704,
      724992,
      737280,
      749568,
      761856,
      774144,
      786432,
      798720,
      811008,
      823296,
      835584,
      847872,
      860160,
      872448,
      884736,
      897024,
      909312,
      921600,
      933888,
      946176,
      958464,
      970752,
      983040,
      995328,
      1007616,
      1019904,
      1032192,
      1044480,
      1056768,
      1069056,
      1081344,
      1093632,
      1105920,
      1118208,
      1130496,
      1142784,
      1155072,
      1167360,
      1179648,
      1191936,
      1204224,
      1216512,
      1228800,
      1241088,
      1253376,
      1265664,
      1277952,
      1290240,
      1302528,
      1314816,
      1327104,
      1339392,
      1351680,
      1363968,
      1376256,
      1388544,
      1400832,
      1413120,
      1425408,
      1437696,
      1449984,
      1462272,
      1474560,
      1486848,
      1499136,
      1511424
    ],
    "reward": [
      -16.751853942871094,
      -17.10177993774414,
      -19.76492691040039,
      -19.87823867797852,
      4.62864875793457,
      30.861417770385746,
      60.89076614379883,
      106.9914093017578,
      126.45660400390624,
      163.28839111328125,
      199.13417053222656,
      221.85792541503903,
      239.75180053710935,
      270.66632080078125,
      305.2293701171875,
      352.7943115234375,
      394.8599548339844,
      440.35882568359375,
      476.5999145507813,
      496.9997253417969,
      507.4478759765625,
      535.4650268554688,
      540.4146728515625,
      541.6468505859375,
      572.9459228515625,
      571.4813842773438,
      602.2523193359375,
      630.6918334960938,
      641.5123291015625,
      641.6224365234375,
      656.8233032226562,
      710.3256225585938,
      743.0491333007812,
      783.1171875,
      812.9413452148438,
      824.5445556640625,
      875.7843017578125,
      897.295166015625,
      907.0845336914062,
      930.496337890625,
      953.8095092773438,
      972.399658203125,
      979.2089233398438,
      1018.5895385742188,
      1040.412109375,
      1043.7119140625,
      1042.9122314453125,
      1044.400146484375,
      1048.7794189453125,
      1041.6114501953125,
      1064.665771484375,
      1065.722900390625,
      1083.4039306640625,
      1094.2427978515625,
      1095.5157470703125,
      1106.0303955078125,
      1106.2894287109375,
      1112.29638671875,
      1112.2750244140625,
      1112.8480224609375,
      1113.0679931640625,
      1117.54296875,
      1118.7108154296875,
      1118.634033203125,
      1102.1934814453125,
      1093.9854736328125,
      1095.3973388671875,
      1096.2054443359375,
      1097.8896484375,
      1096.9964599609375,
      1085.836669921875,
      1088.316162109375,
      1088.75439453125,
      1090.8829345703125,
      1092.05517578125,
      1093.5836181640625,
      1094.6304931640625,
      1095.195068359375,
      1104.7435302734375,
      1104.9617919921875,
      1122.656982421875,
      1123.78564453125,
      1123.8365478515625,
      1127.586669921875,
      1128.23095703125,
      1142.145751953125,
      1142.451904296875,
      1143.9669189453125,
      1144.87841796875,
      1146.133544921875,
      1147.5965576171875,
      1148.163330078125,
      1149.83935546875,
      1150.0301513671875,
      1158.521240234375,
      1149.881591796875,
      1144.085205078125,
      1140.81201171875,
      1141.6435546875,
      1143.039794921875,
      1143.0443115234375,
      1139.479248046875,
      1125.594970703125,
      1105.7821044921875,
      1100.2265625,
      1100.1700439453125,
      1097.7908935546875,
      1097.8336181640625,
      1100.0977783203125,
      1101.410888671875,
      1118.37158203125,
      1123.3609619140625,
      1123.9832763671875,
      1124.2890625,
      1124.32373046875,
      1129.708251953125,
      1129.8580322265625,
      1152.970703125,
      1166.040283203125,
      1172.83740234375,
      1176.385498046875,
      1176.763427734375,
      1177.9979248046875
    ],
    "ep_len": [
      564.0,
      853.2380952380952,
      964.0357142857144,
      1097.8285714285714,
      1200.7317073170732,
      1290.66,
      1326.428571428571,
      1385.75,
      1412.3521126760563,
      1442.6363636363635,
      1466.6941176470589,
      1490.4782608695652,
      1505.5102040816328,
      1578.3,
      1648.21,
      1677.04,
      1712.36,
      1717.47,
      1717.47,
      1712.01,
      1702.89,
      1692.13,
      1682.27,
      1682.27,
      1682.74,
      1684.97,
      1686.64,
      1704.76,
      1710.53,
      1714.95,
      1714.95,
      1721.6,
      1721.6,
      1737.79,
      1755.83,
      1766.59,
      1786.63,
      1786.63,
      1790.01,
      1785.03,
      1785.03,
      1780.13,
      1780.13,
      1785.23,
      1785.23,
      1785.23,
      1785.23,
      1785.23,
      1785.23,
      1785.23,
      1785.23,
      1785.23,
      1785.23,
      1796.1,
      1796.1,
      1801.0,
      1801.0,
      1801.0,
      1801.0,
      1801.0,
      1801.0,
      1801.0,
      1801.0,
      1801.0,
      1801.0,
      1801.0,
      1801.0,
      1801.0,
      1801.0,
      1801.0,
      1801.0,
      1801.0,
      1801.0,
      1801.0,
      1801.0,
      1801.0,
      1801.0,
      1801.0,
      1798.73,
      1798.73,
      1798.73,
      1798.73,
      1798.73,
      1798.73,
      1798.73,
      1798.73,
      1798.73,
      1798.73,
      1798.73,
      1798.73,
      1798.73,
      1798.73,
      1798.73,
      1798.73,
      1801.0,
      1801.0,
      1801.0,
      1801.0,
      1801.0,
      1801.0,
      1801.0,
      1801.0,
      1801.0,
      1801.0,
      1801.0,
      1801.0,
      1801.0,
      1801.0,
      1801.0,
      1801.0,
      1801.0,
      1801.0,
      1801.0,
      1801.0,
      1801.0,
      1801.0,
      1801.0,
      1801.0,
      1801.0,
      1801.0,
      1801.0,
      1801.0,
      1801.0
    ]
  },