{
  "bin_edges": [
    0.0,
    1.05,
    2.1,
    3.15,
    4.2,
    5.25,
    6.3,
    7.35,
    8.4,
    9.45,
    10.5,
    11.55,
    12.6,
    13.65,
    14.7,
    15.75,
    16.8,
    17.85,
    18.9,
    19.95,
    21.0,
    22.05,
    23.1,
    24.15,
    25.2,
    26.25,
    27.3,
    28.35,
    29.4,
    30.45,
    31.5,
    32.55,
    33.6,
    34.65,
    35.7,
    36.75,
    37.8,
    38.85,
    39.9,
    40.95,
    42.0
  ],
  "time": [
    0.00076389,
    0.00076389,
    0.00076389,
    0.00076389,
    0.00076389,
    0.00076389,
    0.00095486,
    0.00105035,
    0.00105035,
    0.00076389,
    0.00085938,
    0.00085938,
    0.00114584,
    0.00095486,
    0.00095486,
    0.00114584,
    0.00105035,
    0.00114584,
    0.00124132,
    0.00114584,
    0.0014323,
    0.00124132,
    0.00133681,
    0.0014323,
    0.00162327,
    0.00152778,
    0.0021007,
    0.00181424,
    0.00200521,
    0.01088545,
    0.01212677,
    0.01632817,
    0.02578132,
    0.0357119,
    0.04459213,
    0.07457485,
    0.11229196,
    0.19651093,
    0.30889837,
    0.08125889
  ],
  "nobrakes": [
    0.00075028,
    0.00075028,
    0.00075028,
    0.00075028,
    0.00075028,
    0.00075028,
    0.00084406,
    0.00084406,
    0.00103163,
    0.00103163,
    0.00075028,
    0.00084406,
    0.00112541,
    0.00103163,
    0.00084406,
    0.00103163,
    0.0012192,
    0.00084406,
    0.00140677,
    0.00084406,
    0.00140677,
    0.0012192,
    0.00140677,
    0.00140677,
    0.00150055,
    0.00168812,
    0.00150055,
    0.00168812,
    0.00225083,
    0.00225083,
    0.0024384,
    0.00834681,
    0.01012872,
    0.01575579,
    0.04023352,
    0.09556634,
    0.16778036,
    0.23061593,
    0.30095426,
    0.04604816
  ]
}
