{
  "time": {
    "steps": [
      12288,
      24576,
      36864,
      49152,
      61440,
      73728,
      86016,
      98304,
      110592,
      122880,
      135168,
      147456,
      159744,
      172032,
      184320,
      196608,
      208896,
      221184,
      233472,
      245760,
      258048,
      270336,
      282624,
      294912,
      307200,
      319488,
      331776,
      344064,
      356352,
      368640,
      380928,
      393216,
      405504,
      417792,
      430080,
      442368,
      454656,
      466944,
      479232,
      491520,
      503808,
      516096,
      528384,
      540672,
      552960,
      565248,
      577536,
      589824,
      602112,
      614400,
      626688,
      638976,
      651264,
      663552,
      675840,
      688128,
      700416,
      712704,
      724992,
      737280,
      749568,
      761856,
      774144,
      786432,
      798720,
      811008,
      823296,
      835584,
      847872,
      860160,
      872448,
      884736,
      897024,
      909312,
      921600,
      933888,
      946176,
      958464,
      970752,
      983040,
      995328,
      1007616,
      1019904,
      1032192,
      1044480,
      1056768,
      1069056,
      1081344,
      1093632,
      1105920,
      1118208,
      1130496,
      1142784,
      1155072,
      1167360,
      1179648,
      1191936,
      1204224,
      1216512,
      1228800,
      1241088,
      1253376,
      1265664,
      1277952,
      1290240,
      1302528,
      1314816,
      1327104,
      1339392,
      1351680,
      1363968,
      1376256,
      1388544,
      1400832,
      1413120,
      1425408,
      1437696,
      1449984,
      1462272,
      1474560,
      1486848,
      1499136,
      1511424
    ],
    "reward": [
      -15.98841381072998,
      -15.847670555114746,
      -17.344083786010742,
      -16.855926513671875,
      -5.567049503326416,
      15.195948600769045,
      35.39728164672852,
      81.28707122802734,
      94.14651489257812,
      119.1772232055664,
      140.69818115234375,
      178.64158630371094,
      202.5716552734375,
      225.6514587402344,
      265.28533935546875,
      297.2666931152344,
      328.6680603027344,
      362.8278198242188,
      390.5521240234375,
      436.5382080078125,
      452.4342041015625,
      473.50823974609375,
      495.2372131347656,
      508.4116821289063,
      521.2701416015625,
      541.2321166992188,
      567.794189453125,
      597.15478515625,
      618.1671752929688,
      658.6878051757812,
      694.238037109375,
      742.7633666992188,
      788.6729736328125,
      805.5706787109375,
      832.1844482421875,
      855.445068359375,
      894.0906372070312,
      926.7993774414062,
      956.9955444335938,
      985.9545288085938,
      1007.3263549804688,
      1017.9375610351562,
      1037.77294921875,
      1058.407470703125,
      1055.674560546875,
      1061.7403564453125,
      1063.632080078125,
      1072.543212890625,
      1081.70361328125,
      1083.210205078125,
      1085.58837890625,
      1087.86083984375,
      1090.521240234375,
      1092.546142578125,
      1087.5091552734375,
      1079.3704833984375,
      1081.0023193359375,
      1083.36865234375,
      1085.18115234375,
      1081.1302490234375,
      1083.4156494140625,
      1079.6199951171875,
      1082.8551025390625,
      1079.9393310546875,
      1060.663330078125,
      1055.4638671875,
      1047.22998046875,
      1033.7100830078125,
      1038.028564453125,
      1050.677734375,
      1051.3380126953125,
      1052.59765625,
      1053.1766357421875,
      1062.9195556640625,
      1065.3809814453125,
      1072.30322265625,
      1073.275634765625,
      1073.703857421875,
      1099.5848388671875,
      1100.48388671875,
      1107.7913818359375,
      1118.578369140625,
      1138.8336181640625,
      1140.3870849609375,
      1132.26318359375,
      1133.63232421875,
      1132.705322265625,
      1127.24853515625,
      1127.7047119140625,
      1129.0736083984375,
      1130.2568359375,
      1130.8525390625,
      1123.4525146484375,
      1124.305419921875,
      1125.3416748046875,
      1125.8221435546875,
      1126.8675537109375,
      1127.765869140625,
      1127.7249755859375,
      1137.4903564453125,
      1138.537109375,
      1137.048583984375,
      1139.0098876953125,
      1139.37744140625,
      1139.223876953125,
      1139.3807373046875,
      1148.0478515625,
      1147.9814453125,
      1147.83447265625,
      1147.65673828125,
      1146.92822265625,
      1146.3681640625,
      1146.3924560546875,
      1146.656982421875,
      1146.7440185546875,
      1154.873046875,
      1154.177001953125,
      1154.8896484375,
      1151.475341796875,
      1144.5830078125,
      1139.2119140625,
      1138.055419921875,
      1136.9571533203125
    ],
    "ep_len": [
      568.3,
      830.5,
      860.4193548387096,
      998.054054054054,
      1101.7555555555557,
      1207.301886792453,
      1248.9649122807018,
      1338.264705882353,
      1369.958904109589,
      1407.675,
      1430.8117647058823,
      1458.723404255319,
      1488.46,
      1561.69,
      1625.5,
      1651.87,
      1712.06,
      1705.22,
      1716.62,
      1716.62,
      1716.36,
      1716.36,
      1713.53,
      1711.75,
      1704.74,
      1710.34,
      1705.13,
      1732.67,
      1725.44,
      1733.27,
      1735.77,
      1754.21,
      1767.92,
      1769.67,
      1769.67,
      1769.93,
      1772.76,
      1774.54,
      1781.55,
      1781.55,
      1793.77,
      1793.77,
      1793.77,
      1801.0,
      1801.0,
      1801.0,
      1801.0,
      1801.0,
      1801.0,
      1801.0,
      1801.0,
      1801.0,
      1801.0,
      1801.0,
      1792.7,
      1782.2,
      1782.2,
      1782.2,
      1782.2,
      1773.51,
      1773.51,
      1771.51,
      1771.51,
      1771.51,
      1767.49,
      1761.6,
      1748.46,
      1746.33,
      1754.63,
      1765.13,
      1765.13,
      1765.13,
      1765.13,
      1773.82,
      1773.82,
      1775.82,
      1775.82,
      1775.82,
      1779.84,
      1779.84,
      1785.73,
      1798.87,
      1801.0,
      1801.0,
      1801.0,
      1801.0,
      1801.0,
      1801.0,
      1801.0,
      1801.0,
      1801.0,
      1801.0,
      1796.37,
      1796.37,
      1796.37,
      1796.37,
      1796.37,
      1796.37,
      1796.37,
      1796.37,
      1796.37,
      1796.37,
      1796.37,
      1796.37,
      1796.37,
      1796.37,
      1801.0,
      1801.0,
      1801.0,
      1801.0,
      1801.0,
      1801.0,
      1801.0,
      1801.0,
      1801.0,
      1801.0,
      1801.0,
      1801.0,
      1801.0,
      1795.56,
      1795.56,
      1795.56,
      1795.56
    ]
  },