{
  "bin_edges": [
    0.0,
    1.05,
    2.1,
    3.15,
    4.2,
    5.25,
    6.3,
    7.35,
    8.4,
    9.45,
    10.5,
    11.55,
    12.6,
    13.65,
    14.7,
    15.75,
    16.8,
    17.85,
    18.9,
    19.95,
    21.0,
    22.05,
    23.1,
    24.15,
    25.2,
    26.25,
    27.3,
    28.35,
    29.4,
    30.45,
    31.5,
    32.55,
    33.6,
    34.65,
    35.7,
    36.75,
    37.8,
    38.85,
    39.9,
    40.95,
    42.0
  ],
  "time": [
    0.00070057,
    0.00070057,
    0.00070057,
    0.00070057,
    0.00070057,
    0.00070057,
    0.00078814,
    0.00087571,
    0.00083193,
    0.00100707,
    0.00074436,
    0.00083193,
    0.00083193,
    0.00109464,
    0.00078814,
    0.0009195,
    0.00118221,
    0.00087571,
    0.001226,
    0.0009195,
    0.00118221,
    0.00126978,
    0.00113843,
    0.00140114,
    0.00140114,
    0.00140114,
    0.00166385,
    0.00166385,
    0.00271471,
    0.00814412,
    0.0149309,
    0.01799589,
    0.0237318,
    0.0338025,
    0.05065996,
    0.06953156,
    0.11957852,
    0.19243779,
    0.29726055,
    0.09335094
  ],
  "nobrakes": [
    0.00581687,
    0.0079321,
    0.01004733,
    0.00895666,
    0.01054308,
    0.9090849,
    0.0,
    0.0,
    0.0,
    0.0,
    0.0,
    0.0,
    0.0,
    0.0,
    0.0,
    0.0,
    0.0,
    0.0,
    0.0,
    0.0,
    0.0,
    0.0,
    0.0,
    0.0,
    0.0,
    0.0,
    0.0,
    0.0,
    0.0,
    0.0,
    0.0,
    0.0,
    0.0,
    0.0,
    0.0,
    0.0,
    0.0,
    0.0,
    0.0,
    0.0
  ]
}
