{
  "time": {
    "steps": [
      12288,
      24576,
      36864,
      49152,
      61440,
      73728,
      86016,
      98304,
      110592,
      122880,
      135168,
      147456,
      159744,
      172032,
      184320,
      196608,
      208896,
      221184,
      233472,
      245760,
      258048,
      270336,
      282624,
      294912,
      307200,
      319488,
      331776,
      344064,
      356352,
      368640,
      380928,
      393216,
      405504,
      417792,
      430080,
      442368,
      454656,
      466944,
      479232,
      491520,
      503808,
      516096,
      528384,
      540672,
      552960,
      565248,
      577536,
      589824,
      602112,
      614400,
      626688,
      638976,
      651264,
      663552,
      675840,
      688128,
      700416,
      712704,
      724992,
      737280,
      749568,
      761856,
      774144,
      786432,
      798720,
      811008,
      823296,
      835584,
      847872,
      860160,
      872448,
      884736,
      897024,
      909312,
      921600,
      933888,
      946176,
      958464,
      970752,
      983040,
      995328,
      1007616,
      1019904,
      1032192,
      1044480,
      1056768,
      1069056,
      1081344,
      1093632,
      1105920,
      1118208,
      1130496,
      1142784,
      1155072,
      1167360,
      1179648,
      1191936,
      1204224,
      1216512,
      1228800,
      1241088,
      1253376,
      1265664,
      1277952,
      1290240,
      1302528,
      1314816,
      1327104,
      1339392,
      1351680,
      1363968,
      1376256,
      1388544,
      1400832,
      1413120,
      1425408,
      1437696,
      1449984,
      1462272,
      1474560,
      1486848,
      1499136,
      1511424
    ],
    "reward": [
      -16.275569915771484,
      -14.240764617919922,
      -17.357982635498047,
      -13.99576187133789,
      -10.23902702331543,
      31.379478454589844,
      44.65406799316406,
      72.7704086303711,
      81.85133361816406,
      88.37776184082031,
      110.27703857421876,
      127.8984375,
      170.8676300048828,
      192.0533447265625,
      229.51145935058597,
      270.4411926269531,
      290.34375,
      328.0857849121094,
      360.386962890625,
      399.1730041503906,
      435.7711791992188,
      438.5857543945313,
      473.9635925292969,
      475.766357421875,
      512.0785522460938,
      539.0335693359375,
      593.4908447265625,
      613.1617431640625,
      667.6774291992188,
      684.0999145507812,
      704.1631469726562,
      735.34765625,
      756.130859375,
      784.34228515625,
      801.3416137695312,
      848.980712890625,
      896.3382568359375,
      925.5109252929688,
      942.1598510742188,
      953.286865234375,
      980.8252563476562,
      982.5307006835938,
      1007.8877563476562,
      1025.4010009765625,
      1042.51904296875,
      1053.452880859375,
      1063.7926025390625,
      1082.7706298828125,
      1084.5015869140625,
      1094.7537841796875,
      1104.07666015625,
      1104.42724609375,
      1107.248046875,
      1108.1944580078125,
      1109.24169921875,
      1110.0244140625,
      1111.7384033203125,
      1113.0146484375,
      1114.5035400390625,
      1116.2530517578125,
      1117.0391845703125,
      1118.0760498046875,
      1119.15234375,
      1117.863037109375,
      1118.8165283203125,
      1118.85498046875,
      1120.1988525390625,
      1124.711669921875,
      1125.4736328125,
      1126.5994873046875,
      1127.5816650390625,
      1128.223388671875,
      1129.014892578125,
      1128.8590087890625,
      1127.9937744140625,
      1128.1376953125,
      1128.604248046875,
      1132.18359375,
      1132.8106689453125,
      1134.0531005859375,
      1125.81689453125,
      1126.856689453125,
      1124.88134765625,
      1125.4525146484375,
      1126.786865234375,
      1127.9456787109375,
      1128.6524658203125,
      1130.4952392578125,
      1131.2333984375,
      1134.396728515625,
      1135.8726806640625,
      1137.66845703125,
      1139.3428955078125,
      1140.64013671875,
      1152.028564453125,
      1152.4117431640625,
      1152.9730224609375,
      1156.56787109375,
      1157.591064453125,
      1158.406982421875,
      1158.9998779296875,
      1159.7451171875,
      1159.6015625,
      1159.9404296875,
      1151.6923828125,
      1151.1990966796875,
      1150.981689453125,
      1150.0535888671875,
      1144.3330078125,
      1144.3436279296875,
      1144.03271484375,
      1143.714111328125,
      1143.52294921875,
      1143.1488037109375,
      1143.305419921875,
      1143.7452392578125,
      1144.1246337890625,
      1144.8594970703125,
      1145.0107421875,
      1154.3245849609375,
      1154.382080078125,
      1155.9552001953125,
      1151.0174560546875
    ],
    "ep_len": [
      556.0,
      726.4545454545455,
      839.8823529411765,
      931.5,
      986.4489795918367,
      1094.4590163934429,
      1142.1969696969695,
      1213.418918918919,
      1256.7654320987654,
      1288.406976744186,
      1319.763440860215,
      1338.99,
      1468.18,
      1502.92,
      1554.53,
      1606.63,
      1658.96,
      1676.95,
      1685.93,
      1694.11,
      1697.93,
      1697.93,
      1703.11,
      1701.98,
      1694.79,
      1707.13,
      1711.19,
      1710.95,
      1724.24,
      1710.72,
      1710.72,
      1707.36,
      1719.27,
      1726.24,
      1733.43,
      1733.43,
      1734.27,
      1739.03,
      1739.03,
      1750.11,
      1762.51,
      1762.51,
      1772.37,
      1785.89,
      1785.89,
      1785.89,
      1794.5,
      1794.5,
      1794.5,
      1799.68,
      1799.68,
      1799.68,
      1801.0,
      1801.0,
      1801.0,
      1801.0,
      1801.0,
      1801.0,
      1801.0,
      1801.0,
      1801.0,
      1801.0,
      1801.0,
      1801.0,
      1801.0,
      1801.0,
      1801.0,
      1801.0,
      1801.0,
      1801.0,
      1801.0,
      1801.0,
      1801.0,
      1801.0,
      1801.0,
      1801.0,
      1801.0,
      1801.0,
      1801.0,
      1801.0,
      1790.61,
      1790.61,
      1790.61,
      1790.61,
      1790.61,
      1790.61,
      1790.61,
      1790.61,
      1790.61,
      1790.61,
      1790.61,
      1790.61,
      1790.61,
      1790.61,
      1801.0,
      1801.0,
      1801.0,
      1801.0,
      1801.0,
      1801.0,
      1801.0,
      1801.0,
      1801.0,
      1801.0,
      1801.0,
      1801.0,
      1801.0,
      1801.0,
      1801.0,
      1801.0,
      1801.0,
      1801.0,
      1801.0,
      1801.0,
      1801.0,
      1801.0,
      1801.0,
      1801.0,
      1801.0,
      1801.0,
      1801.0,
      1801.0,
      1801.0
    ]
  },