{
  "bin_edges": [
    0.0,
    1.05,
    2.1,
    3.15,
    4.2,
    5.25,
    6.3,
    7.35,
    8.4,
    9.45,
    10.5,
    11.55,
    12.6,
    13.65,
    14.7,
    15.75,
    16.8,
    17.85,
    18.9,
    19.95,
    21.0,
    22.05,
    23.1,
    24.15,
    25.2,
    26.25,
    27.3,
    28.35,
    29.4,
    30.45,
    31.5,
    32.55,
    33.6,
    34.65,
    35.7,
    36.75,
    37.8,
    38.85,
    39.9,
    40.95,
    42.0
  ],
  "time": [
    0.00070015,
    0.00070015,
    0.00070015,
    0.00070015,
    0.00070015,
    0.00070015,
    0.00096271,
    0.00087519,
    0.00078767,
    0.00087519,
    0.00078767,
    0.00087519,
    0.00087519,
    0.00096271,
    0.00078767,
    0.00105023,
    0.00105023,
    0.00087519,
    0.00122526,
    0.00105023,
    0.00122526,
    0.00122526,
    0.00113775,
    0.0014003,
    0.0014003,
    0.00148782,
    0.00166286,
    0.00175038,
    0.0018379,
    0.00901445,
    0.01365295,
    0.01409055,
    0.02109206,
    0.03045659,
    0.04997331,
    0.07745425,
    0.13084079,
    0.16838641,
    0.31323024,
    0.09382029
  ],
  "nobrakes": [
    0.00211523,
    0.00211523,
    0.00264403,
    0.00304064,
    0.00337114,
    0.00409825,
    0.00535417,
    0.00429655,
    0.00350334,
    0.00376775,
    0.00423045,
    0.00469316,
    0.00568467,
    0.0075355,
    0.01031173,
    0.01824383,
    0.76862061,
    0.09875466,
    0.0,
    0.0,
    0.0,
    0.0,
    0.0,
    0.0,
    0.0,
    0.0,
    0.0,
    0.0,
    0.0,
    0.0,
    0.0,
    0.0,
    0.0,
    0.0,
    0.0,
    0.0,
    0.0,
    0.0,
    0.0,
    0.0
  ]
}
